<?xml version="1.0" encoding="UTF-8"?>
<project-private xmlns="http://www.netbeans.org/ns/project-private/1">
    <editor-bookmarks xmlns="http://www.netbeans.org/ns/editor-bookmarks/2" lastBookmarkId="0"/>
    <open-files xmlns="http://www.netbeans.org/ns/projectui-open-files/2">
        <group>
            <file>file:/H:/Semester%202%202018/P3/assignment%20update%201/P3%20Assignment/P3%20Assignment/src/VirtualPet/ReadUserDataFile.java</file>
            <file>file:/H:/Semester%202%202018/P3/assignment%20update%201/P3%20Assignment/P3%20Assignment/src/VirtualPet/Cat.java</file>
            <file>file:/H:/Semester%202%202018/P3/assignment%20update%201/P3%20Assignment/P3%20Assignment/src/VirtualPet/Pet.java</file>
            <file>file:/H:/Semester%202%202018/P3/assignment%20update%201/P3%20Assignment/P3%20Assignment/src/VirtualPet/Dog.java</file>
            <file>file:/H:/Semester%202%202018/P3/assignment%20update%201/P3%20Assignment/P3%20Assignment/src/VirtualPet/VirtualPetApp.java</file>
            <file>file:/H:/Semester%202%202018/P3/assignment%20update%201/P3%20Assignment/P3%20Assignment/src/VirtualPet/Animal.java</file>
            <file>file:/H:/Semester%202%202018/P3/assignment%20update%201/P3%20Assignment/P3%20Assignment/src/VirtualPet/User.java</file>
        </group>
    </open-files>
</project-private>
